TDSFU Daily run: Thu Oct 23 17:55:34 UTC 2025 TDSFU
TDSFU Daily run: Fri Oct 24 04:34:14 UTC 2025 TDSFU
TDSFU Daily run: Sat Oct 25 04:32:37 UTC 2025 TDSFU
TDSFU Daily run: Sun Oct 26 04:33:04 UTC 2025 TDSFU
TDSFU Daily run: Mon Oct 27 04:41:42 UTC 2025 TDSFU
TDSFU Daily run: Tue Oct 28 04:35:18 UTC 2025 TDSFU
TDSFU Daily run: Wed Oct 29 04:40:03 UTC 2025 TDSFU
TDSFU Daily run: Thu Oct 30 04:34:34 UTC 2025 TDSFU
TDSFU Daily run: Fri Oct 31 04:36:11 UTC 2025 TDSFU
TDSFU Daily run: Sat Nov  1 04:32:04 UTC 2025 TDSFU
TDSFU Daily run: Sun Nov  2 04:34:44 UTC 2025 TDSFU
TDSFU Daily run: Mon Nov  3 04:40:35 UTC 2025 TDSFU
TDSFU Daily run: Tue Nov  4 04:34:45 UTC 2025 TDSFU
TDSFU Daily run: Wed Nov  5 04:35:26 UTC 2025 TDSFU
